actual,lstm_pred
658.0249390921506,648.3273314544139
675.0559041675731,649.150600338828
689.0063882382733,651.181857373746
601.2099271779279,655.8515282390129
617.1139673237539,654.4981831786638
682.7361025350662,659.6024502620314
643.0777661057799,698.1224373958871
633.206980268548,768.3084978596237
968.64597532511,944.3819063555392
986.1245824613972,997.8815940584905
964.9407679144044,1003.3998676241993
1052.277356818312,998.319192723788
999.4390987004856,1003.9364936226668
998.551236455932,1004.0446244612167
1014.7019168791958,1003.8293457917401
1024.0586292316643,996.2656577443664
1023.647203913866,995.3703194423615
1026.8405485976891,1003.4161940986364
984.2288612302286,1023.2355190031543
992.5533298760784,1055.5702298443766
1149.1296019537228,1095.3766320412815
1116.719084026675,1142.1935881699421
1129.7761447669852,1157.332268852356
1139.8729046782862,1155.011644290797
1149.5334376254252,1147.8119468705024
1085.4617865084108,1143.9826620441315
1147.7724518148896,1144.6441406956087
1124.0607091213728,1145.4787355374203
1147.5902533392757,1148.0406243612777
1149.3271028765366,1151.9520971728389
1170.1016870956448,1146.049350092946
1163.740151758196,1085.4076098189073
903.7604809975916,959.0767804658178
906.1879474114902,882.646027843789
877.3806640527329,884.6255754722681
870.9008166082552,883.9105309189767
891.9166165117925,883.5125036529449
888.3982132181598,883.241353821929
862.3695335138777,883.8010163903485
880.216774652541,879.556376117371
869.2187777627194,877.7825869432354
848.7478667208328,878.7738913644533
902.357707966743,894.8542960210913
871.4761704955864,918.254509341981
1001.2177064424712,938.8446992082186
909.3626932450042,955.1249829719754
936.0805306789158,962.2219026713201
950.8159709172718,963.2650874568246
978.4345274407228,961.4792938363343
959.9867343150546,960.4615283457814
957.7618188545188,959.6823772708902
921.8184051861464,958.3133681977631
921.0764650692632,956.0006183820549
958.0626165072476,954.2538031507967
915.8973501545412,955.037238856741
936.7030562427668,955.1444401119951
962.5229332271464,955.7118492078799
925.4418931930808,957.6860490611915
990.1338990590452,958.2692397033746
980.5984086059472,960.9250698644386
910.7145000415424,963.4201675942469
926.6907189204504,962.2713415438469
892.8555688876263,960.7002282403669
930.4352159362968,958.0008038281879
969.15971191431,956.8263127309306
939.6526264431286,957.7546886369668
961.5199310903992,958.0371964799766
911.9416420429563,958.8359649678695
969.9493813645475,958.0422824759399
936.1222693017912,958.8298852794173
950.3042420570728,958.7261459205754
947.6781374651736,958.8026175027396
918.2112869776928,958.9973171213222
921.1728917065054,958.0426137067695
974.1948617250856,956.8834126519988
959.9748039375424,957.6797556754301
976.2512260388356,958.6528691131865
958.116455887563,960.2742226541035
953.5747658702304,961.0562372729404
906.8497345333308,960.8629907960616
943.2408325809708,958.826369958678
949.3153919899064,957.8572099211452
998.8276799568144,957.6810805987483
967.1739158024668,959.8703240544962
988.4015295427382,961.2871372157333
964.9384426473682,962.6689147030962
932.217419326263,962.315213601464
952.9281054037464,960.3443794807753
955.905591156606,959.1646421145724
926.5211107557328,958.57475206174
940.390315585177,957.479264859763
944.8558251580708,956.7843960036942
990.140495814128,956.2804229541009
897.9814868652255,958.0371323707838
980.145460517901,957.6998432225125
926.5801191260156,959.6936818585568
915.6980203182596,959.9738604008943
979.4985532509615,958.8913659953281
968.2974517308596,960.0596491857478
981.3629675595296,961.0003874811321
970.0175486886394,961.6314142660215
1001.4961250434352,961.5744318784734
963.9680959236122,962.264150629386
946.0880655969212,961.3295027073193
958.5731594330337,959.195318363335
981.0867282086492,958.1253786746952
930.5156168684972,958.1190639192027
933.7027854367154,957.4059025734505
942.2759996350524,956.3647158577887
897.3854300308667,955.6320973720167
953.4519602104386,954.5845531614007
902.8467824012243,955.5556471595834
951.3264828233156,954.9575724998015
971.6322439033812,955.4861741643016
938.078088483904,957.6725327063729
991.9278967546718,958.4897860115277
913.4874775145378,960.2175821822505
979.7815170407958,959.4110244274303
966.878426410173,959.6137056405187
907.0991687922328,959.5559432577913
1017.7698574760132,957.3309696119138
948.4063678624008,960.1902716661107
928.0628994461092,960.854304000435
914.8228201303996,959.2102344355302
944.499549308508,956.5432385900508
946.814828190251,955.4890377082475
952.5661382134916,955.4787481828004
942.555096094401,954.9827033033854
965.8306327528774,953.881264631342
940.3092541834188,953.3222111002542
901.6258970689884,951.6594857602398
946.265962608759,949.3483600440829
890.813058665668,949.2702964169638
958.8442657722848,949.1215203501685
925.5174942429342,951.7646782607857
954.084008872895,952.7757977650166
982.8518745381152,954.2291104266969
926.2812826183,957.2690615013844
976.5314064628028,957.7276986667911
939.165260832846,958.1881308895968
993.8298700516395,957.1126991801058
940.8711846700446,958.0345038938783
928.9876753623328,957.2249223221304
967.1809612598822,955.2368214588432
939.1052567594091,955.2167980209535
928.9637621467748,954.6291838444662
938.0540037324052,954.2176989903757
948.884836695425,953.3213456261511
983.5545032811214,953.2032885475802
901.6478063635104,956.8393268970722
950.5770164737604,959.966316885873
965.6225898663512,966.460022505145
1054.836214374795,978.8879741877136
1082.7466292358383,997.4928893375806
1048.1413667560369,1024.753923865274
1045.3862139453513,1044.251901440801
1064.8082386753335,1050.54656938611
1052.4828453737837,1056.1519780297212
1040.239781542988,1053.098393066695
1062.9036009896597,1044.7811014577674
1033.6867926695838,1032.585011355884
1034.7205711995168,1023.4725306889957
1036.8001494558596,1036.248638028018
1083.82672900416,1089.697220019429
1169.4745911003572,1180.8730362360625
1259.8899708690735,1228.5705107583224
1250.8567953550055,1247.9119123152614
1207.978238519047,1248.047310930489
1257.7431694784,1244.3459453135174
1261.8937997957885,1240.7889108593058
1264.740980783935,1238.0376007404077
1183.7042984238765,1235.976874846525
1284.1597352963609,1236.3658466890718
1231.556582382879,1239.7778661491332
1267.1641936688295,1245.6809551447209
1268.526844517057,1233.245096661705
1028.0825728595178,1146.7898540094345
1066.5114988087887,1088.5293855933592
1040.362668977191,1083.013452013188
998.215570516546,1085.2753525541277
1079.1935481381945,1081.4963934441175
1030.623875924594,1076.338338747977
1028.6376634315486,1067.9378120370432
1039.923353299082,1065.5601730333397
1056.8059181331846,1068.7430234988142
1048.5682397294474,1073.2321842468416
1063.701673117679,1078.5835281593227
1016.5127658367836,1071.9185227768457
831.4403407392316,1000.6987550032761
847.1000731919617,855.1770424609186
897.4471823164677,843.802444884565
847.154686539656,847.1555987495394
877.1305565915408,850.2573056754233
850.963879219608,849.1474873976356
837.9085340640607,846.6024005247288
843.831889397139,847.4223170326019
845.789507199278,849.835372692414
865.0911434740185,853.2493150943578
884.3652816894139,847.602192735954
858.9920211921581,822.4974555491378
779.6769419685439,788.39811780592
725.8802565592579,759.5729204797343
739.6342372796493,745.5722153668362
731.8924366448083,742.8119085912128
757.8611147718714,743.9996168670559
741.0260403705147,748.7541576187459
768.2443234258549,754.7217404623067
726.7249572091889,758.2904695017745
751.0757743330321,758.0600076384659
767.1714477753064,755.9847236153814
698.3674306239848,754.7487518022133
803.0407826832551,750.1266820126124
742.9212028780031,749.209706858032
699.3740021580957,748.7657506977802
753.9523474644196,746.0581309937862
750.8360866993288,746.1797033930966
747.9526405106877,747.510791878673
774.7797778231667,746.5799477687133
768.6861242856764,746.7466103003044
757.4469047755962,746.005540085946
761.2538908486662,742.9576715259459
747.3910387640478,737.8117655218442
794.3872712310013,729.0316589651113
713.0200995410559,716.3463622977132
653.4912918553974,700.8528586027927
651.6256157797195,677.6279892666878
670.3320101516148,655.8917674423705
628.9036530643775,642.9979342556069
606.4081849400866,632.8988985902017
653.9205754024548,629.4885887086155
657.0307623054651,632.482445273668
687.2399852361913,636.2850179363654
618.2409488418729,640.2457693474712
678.867344167918,640.213757490525
709.185359100678,641.0642300424241
640.5558778119381,647.0603842162501
617.7264445126694,647.8591847587394
639.8256408406658,642.5276078473767
650.3501241842845,640.2697461855845
664.0946968751729,641.2190323733442
635.2151317540488,643.5256383914076
688.8799633536836,646.1971111955187
622.1366921247984,647.7469081923873
606.51987119568,646.0629092852234
677.6677606071829,639.2444906043376
593.1344742198451,638.1278366838658
644.8967557781821,632.3389261606835
727.9420282302012,629.0739518192115
649.6989111760017,634.8772228015846
621.9808087325938,637.2575116519246
648.5650634053302,632.877165573837
648.7299802845116,629.857686701389
654.0162485088279,630.1550037679394
666.5565745539905,630.6395837867058
624.0222207908065,635.5278456297448
692.1887013809198,635.1162218724031
656.1278571093154,636.8705913035482
668.1698511600451,638.8552623250198
634.2962650061089,639.7739470580752
682.1595534248884,637.7627775702397
643.5736897796734,638.337687441684
656.9388128373383,638.2532342650142
626.6723480703223,638.6692601869291
625.0767093399468,636.6176805378884
667.2051326613221,634.0551078826411
638.9098292448153,634.9989020495495
628.6544228123905,636.8590516488413
633.9204164493242,636.0759578585919
667.4738267929355,636.1264331630691
634.2740534699097,637.9168105908459
647.0586267099459,639.1285170745332
650.3756937571774,640.1160550806733
602.0662778497425,641.4774565295861
613.2218398656621,637.1881882447594
658.4069472311891,633.2724842264724
631.5742659711826,634.5382774991656
676.4181227820104,635.7635965014607
674.1701776062636,638.4709918232797
667.9792166588859,641.9941979934154
695.4942946828149,645.0604552068883
647.9227668064204,649.1318377150637
666.222048147596,648.9591061798861
635.3899755850993,648.7033532400116
711.3092478217181,645.4739167610905
699.5908413109005,646.8855798171713
650.2970108629448,650.3011039131068
659.6646557476298,648.8701439899883
683.9824399841201,646.2589338271243
646.3215123796473,647.1153471642244
633.5843982300074,646.5463139687882
671.8497437751721,643.7060202902613
651.9609811520918,644.974057384703
654.5748612411315,646.4469874593851
629.1432164233008,647.9300254168012
607.0581962909151,648.0233042923487
655.9035602469776,647.5476995605766
1022.624051037355,693.4314395391435
994.354831273099,1028.0120171533838
1035.9107379889715,1031.2800473663801
982.4020918646114,1021.1913546507494
973.632388625852,1009.1855620028751
998.3192423200968,997.1148694821402
997.9351856162176,991.0508450428529
1019.2492182833804,982.5577660272234
980.6259293984004,983.125559778265
1034.2023559203724,991.8708443584334
1049.1729240627064,1019.7344091348094
999.0213993257914,1063.4710040275777
1161.146571072274,1105.525672877083
1103.4913838020343,1145.1129284832114
1156.784349097214,1152.502602811551
1156.0857207816523,1147.1025145427989
1151.489742572413,1139.8954231955995
1129.5147333459086,1135.261931284812
1056.0475870366151,1137.7778110779582
1113.8606319763626,1138.7184852641496
1114.2559101255508,1141.5780544399831
1105.447437116154,1142.6684877005932
1132.9598856813425,1119.8099703468363
1119.4297244296351,1018.6132248313786
849.4808891882086,906.9804590209104
843.6261857261387,869.296883155996
852.2083647952035,879.5422720949514
898.1336697285824,878.8960460889318
853.5705630666469,879.2831667785358
857.2227217715024,878.0585075666834
858.6787490567531,877.787849239479
878.5710272775697,876.6276304512724
881.5024266455475,875.3922837027342
793.9797759512552,877.5943009151507
895.6370697780244,887.2800593402828
906.005390288428,907.5767599930244
923.7453365659584,928.2352688890732
925.6925438816291,941.9043852294279
938.7436653055432,949.5093595969752
931.0998995135848,951.7050246568703
955.5981718486652,951.4241836528736
901.3368678410284,950.2613604287087
922.0518097990816,949.2525488554191
988.4799300043728,947.9522648369909
926.7945008162995,951.2642525865283
981.0857069525732,953.0906593806677
958.8834548897536,955.8664592112216
904.7683071352936,957.3173570933059
965.8832298804052,955.4903946861621
947.0583174451788,955.7619398572003
938.6133235937564,956.0646420959472
956.1239273293,955.9133123463047
961.8658371391698,956.4360159650657
967.6897955493656,957.5122063000051
979.4563211887,958.3622514572854
960.2033978194588,959.2579637295818
915.609147780341,959.5119964061158
938.1588635587202,957.9849368029659
1023.5762083817156,957.1156695727062
968.1122765095432,961.036010822607
1009.2321825202874,962.965761635566
984.8858520549796,965.5213250190654
956.0450517888936,966.6428405533258
957.535176744528,965.1718871787555
949.0854990030788,962.7051363970374
906.5548846038376,960.4519440214553
950.4511813117056,957.0409609933445
980.2668638135548,956.0373102100766
935.00900012947,957.2854734547452
960.2988249765452,957.4008806866798
971.28977614733,957.9927901790859
927.2579890171882,959.4890880545495
938.7174283914084,959.3645666323696
924.552212738071,958.7466074379493
929.4458598327648,957.6290666736435
917.8098679086736,956.3775270114864
927.4887884655492,954.9296422614646
985.486392019946,953.638910512766
927.1130742727428,954.9213294361294
953.1614804765172,955.2227494910201
937.428281158226,955.5102364813386
979.4716484259236,955.2661407296911
982.7790574150904,956.0724099931434
971.6017495534736,957.5186065344212
957.6533638275688,958.1341723189764
944.2235115789777,957.4856223547173
920.2031323952187,955.7576338564161
998.5882220280548,953.3738724247985
931.0081745561862,954.2898966263522
966.591158675821,953.8998776669896
976.4891393155848,954.2684414164896
936.1179875773668,955.3977248479463
975.9503131828992,954.9717299465484
969.1053300834714,955.2197363589577
993.199095884544,955.5443532567823
938.2663383393324,956.5220184472287
917.8533995680071,955.9591076797063
937.3627561138871,954.1635801467734
955.2213385633582,952.8051384055955
951.4553181771264,952.3128866534221
940.1640525931364,952.2648368134064
902.270063525569,951.2254878946054
961.7620749032276,948.9152490222824
999.308611977055,948.8017864358633
961.606280953075,951.8976620964173
965.2283879763378,954.0888715674116
964.3111326538776,955.2152380305951
959.92616674706,955.7515862225605
973.2916491717024,954.916425082879
959.8843420296416,953.4428325465377
942.183070758668,951.1335339423761
930.1002772497812,948.4568896633779
943.7756586179833,946.3685968165844
957.8532374112666,945.507439399216
942.0979259719256,945.667135398521
957.8584670782858,945.4678092331901
960.9787533425103,945.7415768562461
970.8294857817546,946.363532190352
982.0698742209744,947.1408561532478
951.9501854619714,948.4663350844528
917.3055858713084,948.7657891240971
941.3723975795202,947.7805697337639
951.101564185165,947.3402464277716
904.1057810955728,947.5173160183298
984.716613002562,946.276343688122
953.5594478127616,948.3902481574455
959.5338208645072,950.2680918939544
984.1381615631568,951.3881008621836
934.2464292464414,953.4811698438418
964.3510482721008,953.5180112599802
947.2533969224517,952.9795688343828
945.397828324602,951.5721263001624
930.6951903048904,949.8972736378403
991.6400803421632,947.6131058372625
940.6124989981108,948.8662161746436
967.4866061723924,949.2464157426398
903.1248153132016,950.8334388108037
979.4997132422446,951.5690704286382
976.3052788989264,956.4576528176412
952.4358527574326,962.6465405948035
944.326438346552,967.1203258214205
960.0000001403392,969.9575315738268
1007.2197665220071,973.4716128688515
905.9190825274128,978.9203279603548
1069.5506846893531,982.8442059007259
1027.2095674461525,1003.220361884314
1049.5020400925068,1020.3968387393132
1043.8029970230334,1032.5577649489371
1039.292043555056,1039.2137523049578
1049.7383717736818,1042.8365200515368
1021.6457213680552,1038.9432328810046
1075.729510903199,1032.573428961715
1005.146412220035,1026.6369177069391
1063.4941128207086,1027.4959808906756
1041.8366036866355,1070.1572295528767
1020.7268776548136,1149.9662935556275
1255.0595842649673,1206.7405612941077
1211.076222832338,1241.291612409908
1250.9928455429908,1242.0739155201127
1214.4280773047112,1235.9788408617715
1261.531802107946,1230.8610467387198
1226.8910666592406,1230.5684523827067
1238.725149574267,1225.712223766345
1257.3487346985792,1225.6564915080567
1230.686447203944,1225.6047767591851
1248.5509000082925,1228.6399623838731
1212.1542374688786,1233.8304990710403
1265.771890089904,1211.8660057808356
1094.1228451387692,1119.3387464099064
1119.805221697749,1052.2690979181561
1052.279203666661,1052.1371398296096
1069.7051035199297,1066.6524227210793
1005.4843581773129,1073.6366705140497
1087.5683581576398,1070.2171716481598
1069.4057126181026,1065.5773542970144
1037.9016638762191,1066.318798481664
1080.9295200072252,1068.78982320957
1043.6380980838665,1074.7031696760084
1038.549370424636,1079.1428167574509
1061.8833731356872,1067.5336035763373
823.416137504242,988.7088080108931
875.5406191099987,857.5543208504128
823.6002547018289,850.3692002578348
823.7486302544204,854.6953313285309
827.2577552897916,859.6166621623934
868.9875009379031,860.5917149032325
834.5806159620073,857.1036085161638
816.3001053908208,857.7396505097829
834.8580000016051,858.8304390421697
849.1989407329878,865.7342284625477
820.4756879083903,866.1288472564947
821.2079722741414,832.3639164190878
802.7824083524896,777.078448451728
728.4858649046528,741.1058988611821
741.9239407806748,724.1224441008869
740.8190749800178,719.2430613810529
739.4660798057389,721.8688136458205
765.5336684992276,726.6984476320292
773.7035737618012,734.5685989907951
742.3511392117102,741.819957735634
719.0880428351912,745.1803265560166
781.8610056962226,744.3125658917879
747.6164727200829,744.7469056731175
793.2580453714293,744.743187339934
693.860352560871,745.5275846837707
754.885080532083,740.0615387404761
797.9651583469052,736.8898219048206
741.1683966140461,739.4088964727421
744.3626644166341,739.2330876963093
757.3877922897585,734.9572396025121
736.0301045278761,726.8168893657571
742.1982016986817,715.574380767552
741.554622645215,703.2432767055977
734.3144816393407,692.8060757329529
780.7214137550139,685.2682023205531
761.5269508074109,680.5961487302866
526.2657058025826,678.1549134073093
540.2142751722529,634.3470825164568
513.3911041699133,591.164455158813
500.6449045411775,560.8598260173071
504.93439238463606,544.1152955337722
520.0445760276152,531.5741911258831
493.5197072906775,537.4084482181172
507.4934745853331,539.1383706770685
507.0970839532141,539.2933867052978
573.1139057457253,538.7417484708458
450.6546265016521,537.4371050273061
515.5095069648592,532.7575186068837
563.1423448203693,528.1627913880188
523.0461116033114,526.2606075279707
538.8354368355273,525.2747577305748
522.4956578774942,524.4449069690315
503.316665469588,524.1809266827456
463.9521016372772,524.3763315024493
525.1363921759075,519.5127089591826
500.6098348849402,518.6873031016746
499.9916148458674,518.668006234637
507.5253186005222,518.2490526595834
563.6215351655874,518.1214112566864
580.1209385563493,519.2615505114599
525.43019843821,523.4940607909134
508.3808194022068,524.1384863971014
490.5693395637197,521.6268805501428
531.7135040386518,518.450077718524
564.5726400016285,518.2679007622713
513.8164903243711,521.2307925871937
460.5250989811693,522.0617759444767
536.7512417953881,517.4110172910906
544.6349927862512,516.1581954450774
480.3538589903538,518.3819723860222
524.4121045915738,516.6739752710141
531.2806504034024,516.1239611361134
518.1723174497765,517.1258168619825
500.2307270228662,517.8745694946133
545.3984305890889,516.9727882187303
509.91550635078295,517.8168498513478
482.8703459325017,519.0593501173178
468.763137858258,517.0920526870993
551.5212379999828,513.8282750505598
535.416599411778,514.7615553098465
522.1993386782292,517.7382306112243
508.9931340787299,518.7243582151223
506.7750396449218,518.1052557400967
493.1065837889597,517.6697406235656
509.2136088860029,517.1913150873097
466.9978196219956,516.9375495324123
501.5984086632872,515.0145515544299
512.2265620912226,514.5597182011302
535.2470011797604,515.3707635994474
519.0018384156659,517.1115632514463
539.8730778468889,518.8327027509816
553.7283776278357,520.762368085017
546.4542523456025,523.708655629
531.7627461844639,526.1321968147599
520.2965669795196,527.3628155103279
495.48029978966105,527.0373331384003
538.4986012844829,524.6760419788648
561.9936845555383,523.9878939031762
528.5526509912604,526.3178784068865
567.9314787106531,527.973070916745
481.86070729847285,530.541327920422
491.1459153805114,528.6013837458052
541.3800376937065,525.0387504220877
526.6072552538312,526.6140201382352
552.8445544142952,529.3010287367388
519.6132089818315,533.5320217652957
498.3006144367917,536.32263081939
514.6601689448739,538.2180832141925
831.6829007269066,709.4321110584326
841.7852331725742,846.5014272104352
894.3110999479502,870.8936454790353
891.8196853617402,882.1201374639018
879.0751071201519,883.9502839609555
826.9730619759882,882.644326278963
861.0399106121778,877.8484618100704
839.3750027834988,875.5264642432984
899.4133313446941,874.5748888231118
855.406946660935,877.7572451135584
842.8563072304613,883.3647720317492
870.7449041280356,911.7626522044351
983.8999491468006,950.0683810734666
1036.9974083227585,995.0068416888248
981.5335381293112,1014.6051394662436
964.92310408705,1010.9205170334624
946.080972673728,999.8681883557465
999.1341480073304,987.4458782821457
985.8555577212178,981.7765527732965
964.1811954048728,981.4319979165061
1029.6344720990603,984.7768416273617
1016.584939253397,979.772349817747
999.1983635942352,929.7859099903138
1034.0119666719377,783.8762186300944
756.6595902672996,736.5010637595834
719.5247918943734,728.9828291299164
714.115685332565,749.2916277215855
760.5457280436807,764.4295337512531
750.005363344018,771.0219942396258
744.3398836316007,769.1805271276072
718.9337443606115,754.5149455760128
755.294878607478,747.843956668873
721.2087173539854,745.8461646326051
737.5465230674922,751.49866147834
776.2697930920087,765.7180483903668
723.5753335370806,786.4689439756962
780.6752685731785,807.7856699680375
793.6863202032472,820.6086598255227
844.8574706671906,822.6195515068562
826.3682784345052,821.818977276699
816.7780655327812,821.5055233920735
807.2726548672108,821.4785307506816
832.1339976888297,821.3854014632506
798.7723787252444,821.4251678613111
827.6416392160648,821.764780967822
801.7186357796761,822.4883280028106
797.5585153681236,822.9267413891002
804.0628141293747,823.0522378052543
810.6148138379009,823.258936527759
818.7792541016574,823.2312894383571
825.8863948777779,823.0710458396967
727.7908677142889,822.7234831932767
799.8087360563309,821.5853900902406
810.210750566099,821.2086550898729
857.6265509652083,821.3991662411916
792.9999347904467,821.6012223896498
824.0699154524979,821.930206726235
857.375757743396,822.1821585252189
787.1757867513181,822.3316771901643
829.84938064661,822.4847111758493
799.943204151637,822.4907053853776
807.3841564427692,822.5576781221395
799.9222291511671,822.5865192452577
801.7035672896028,822.6025331873799
888.0478036976623,823.5121678393829
841.1113968017917,822.4748116479919
847.5434465446552,822.1445664972813
832.2998371709124,821.9795734759198
779.8435802899511,821.9267207888756
829.8739492580827,821.9269478422668
846.8232403626837,821.9797898444456
798.6650131490222,822.1749115152143
844.1331666790281,822.30750268204
837.6084052463519,822.4122036787742
866.3010011203418,822.4483238664934
809.5554246871595,822.577119234861
792.5597254431068,822.5693246255012
810.9592972656864,822.3636142530522
855.8892748290906,822.4251377084248
774.2898529789509,822.4505249487801
768.2906071142241,822.4662797829146
822.2348819732904,822.5828837197818
808.9352676806461,822.6921097570422
820.1931973293921,822.8518271260782
843.6327942808966,822.9477237936658
806.1857663470287,823.1134193449318
773.1748542267345,823.3713519973621
871.1120389299986,823.7465644044005
795.0692928140306,823.5022736539582
793.5240719496976,823.4306690280152
847.5930003430649,823.3718061041446
810.387771973962,823.3881218937163
818.4152536991297,823.4442601768923
832.0697531015079,823.4607709652588
847.0895775777499,823.6352815305372
811.6634826704557,824.0739834081945
857.9988001478575,824.4422212692978
766.6050037816299,824.4936181434217
838.9946809238269,823.9520423810254
799.0118110495586,823.5357493374737
854.3067829151997,823.5266084350646
823.5511119707636,823.6059008217128
803.177366699765,823.6432070294991
836.5710273255409,823.7415345039808
842.3297086801813,823.9171723225661
836.047353071466,823.985918746996
794.2575940091735,824.2177910125466
807.8995719094479,824.119006760066
819.8981790719641,823.9885846209306
818.9685086837485,823.9302292281698
838.7436368859587,824.1072721065642
769.6274691873348,824.0528674428107
828.3581763638376,823.7592339836308
812.750466139084,823.6545329868966
799.0374845904012,823.6869428550815
801.43783055576,823.7221281170721
814.6365583870509,823.7223311295161
729.9728723885121,823.7329812691726
802.4677607302112,823.7920151508908
798.1046293838426,823.9551035949823
833.3195802330656,824.1779578340768
799.861832937237,824.5023556921593
814.6221549957378,824.858736023808
858.5569156915326,825.1959957886992
844.8587879953856,825.4863997472909
842.5567849985863,825.477013092976
807.5031892397287,825.2855777007943
833.5758069822413,825.0086420151267
814.1525549886602,824.6388495060976
815.0976697330766,824.230992163834
830.2421335936638,823.8380989756602
805.0751602894767,823.2948109635724
857.3250776110801,822.709611566681
815.9967465100516,822.3659301976428
835.4590141564917,822.2208537655162
856.3900119814325,822.1324151340262
845.7913443643794,822.1680331330684
784.7770224327369,823.6782373609403
831.1223973752471,825.086198111136
841.2679848615162,826.3287037195387
842.2965755540188,829.4688815035449
792.1676291471342,833.9547379569261
803.5741190745669,838.6630566483997
844.8639558935405,843.9616734210058
900.955990732934,854.6527361123373
912.507598583392,867.9778658971837
959.3968952375492,886.8543769711999
918.8050187403802,910.3801054067584
901.830646554154,918.8965308534384
898.0595660784273,919.4953694811014
928.3179832396296,916.2560121045921
886.6712997880697,914.8269006631998
913.8166009025896,915.2491344919525
928.3307633747504,917.1360336519467
952.4787455136916,925.4442538100909
936.68870200925,951.1192910167055
1102.1483720504457,1030.143647814521
1149.460482939093,1120.192638118756
1112.512124061313,1148.7881802889758
1089.1074244487647,1147.3334144855917
1115.698966018363,1140.6213956950496
1155.9542300286423,1134.6194289544082
1124.131001251623,1133.3416472626586
1120.3130466082446,1138.4653608011804
1160.9302911175714,1148.364461263923
1084.216128823639,1159.173185693803
1087.8600221486806,1141.1846804328634
1079.6038382258291,1051.2262336786157
929.3162046620014,967.4009424432423
924.162328177878,928.0913704633645
958.5684091819944,935.8691297904169
926.0868769284192,937.381022227033
909.8960710130174,931.8032713576889
920.0448718219528,925.4861064281343
922.942685461524,925.2518888346133
878.2059681667959,935.2254895218408
987.7582911083724,942.2090321136902
932.9967754525478,941.9864877356945
925.2502077005648,908.0303539019296
935.3790996069644,801.8112087423307
737.7352745146651,746.9138925540926
716.4861628624392,723.5792255404247
704.2189715939825,724.3678540909871
734.9862671580426,730.8406494285357
729.6427710132863,741.0798491591679
699.7527475227648,744.1914422568273
755.4758902841816,747.1511820464362
727.3338009080746,748.9796510196112
738.2454840566908,747.1602748669507
754.7980221919979,741.2629236441198
720.5472205291209,727.3550112453904
727.9238001746029,706.0669340485889
640.250680962653,688.5682337056301
601.8784729049987,665.4204663587522
621.35129157115,641.2140532260355
623.1387146662787,624.3191653156157
596.0985362079151,616.801828214648
677.940919716847,612.0248599303379
584.8176639126899,617.3054914031427
587.5474024078211,616.4082618799497
652.8556643925895,610.0304229418273
637.8316562699135,608.3583910839892
594.3508795629806,608.8233536897538
635.1822253775423,604.530602138784
656.6962611249328,604.3079081726717
619.2434235600754,608.0769089880644
684.9705725018646,612.191159176503
576.8984547282992,616.6343322635504
637.3455863464776,610.7745383428444
649.1632084055251,605.0346072429737
642.2835975401312,603.1514210737301
614.8911068338588,601.7909598929784
612.7389629497212,597.2221968972043
631.1036292771814,592.7046998859521
640.3938621663017,592.5364559942715
635.061835907059,593.1281838439646
546.0014472698348,594.4020762446835
494.5282510733316,582.7589065611085
514.3057255219092,561.3125223975129
496.49960169690615,544.5957298247364
510.3471805978464,533.8525463596454
545.3805222953577,528.3377240054832
522.6995980181307,530.0362115902235
585.1714790787443,530.5889396809534
524.835159179743,531.2825584077624
521.4922970144934,530.6465524755642
522.6545729860054,528.1590303153737
504.0547826785016,526.2687707651894
518.5540846905601,523.4847008487623
548.1947006777912,521.7340497508005
522.8492667031943,523.8905761484813
500.1635067529133,525.5580348838985
496.8728844880341,524.6661264237092
508.74495270835394,522.843502071946
521.8465858602721,521.6133535104586
549.8396633869065,521.8309614806076
486.4877839658392,523.6492477769903
512.0043430527811,521.9896317328275
523.607750485877,519.873857412047
474.1573558092641,519.7390571492855
499.16004292583983,516.8579259149346
503.0027865065953,514.7596961432548
500.1007406537376,515.2965678936282
524.7972386255412,515.7667233440109
515.9860097624551,517.069144335533
506.11784743497407,518.3993246075445
530.6990656638159,519.1046966863696
563.0768679411563,520.00983301001
560.9814129185438,522.4066620320966
471.9307056984416,525.5460037253799
534.4268045958785,521.9209066781286
515.549417748404,519.6015643004257
523.8788835716339,519.1821405912915
510.0429241614363,518.7845353774458
522.93971574718,517.898033459184
523.7851849018004,517.9162404699438
505.5262060662769,519.3870122018011
497.5908113043705,519.6817221611769
508.7826079345129,518.656124664235
525.8564816114191,518.2681999385045
534.9749085421066,518.8809556034413
541.3337244335037,520.1847656274743
507.6452494233272,521.8582933664782
527.0961141825684,521.8943013631099
544.0625647988325,522.071776978556
549.1398723786032,523.1861443378173
518.5291786467119,524.9069846611195
514.4767068765096,525.0602911108739
524.7781058459097,524.0311462385962
491.25731317756487,523.9699433291876
515.1597622241123,522.1996320787623
538.6146599618282,521.2782333898776
536.0486782360925,522.7161171058202
513.2433098909028,524.4587759244108
525.4429550271792,524.544511284937
499.3837414927328,524.4395004271041
537.5873037056256,523.7403469399821
518.0544640965882,523.595994407491
513.1012137075966,523.9857569300823
510.95690409766536,523.915450515294
518.4276533275035,523.9645581569911
508.803058876701,524.73034246518
536.453575900064,525.6068647190934
510.1179112995955,527.7346060891998
559.8241024006845,529.0989565609823
556.6302625870345,531.7599368272024
497.7114127536374,536.3763756927009
521.742606735732,537.962287534856
853.7335844665952,706.3524550236612
861.8338109202847,838.3102944793206
920.06068669112,860.8158887232124
862.310714572105,874.2233807901172
879.0056509269357,876.532324122502
883.533032350207,875.1843482070514
844.984265687919,871.7232878857019
848.6226131397699,869.6822942671249
839.8494407147971,871.5048304687481
847.8507316525556,874.0337030583052
798.7492472670705,879.7948863555944
883.6145600198407,912.4048072767109
1051.2586565990678,954.8444838836738
1003.5993290435792,1006.9720211630499
964.4970890841508,1012.4426615984963
983.8344009951672,1004.6091593282904
988.431889442041,993.9860630662096
974.4641911373316,984.3534752028693
1021.4083765275448,977.7572696691497
1020.1603116770492,978.7375205970395
971.0175157222244,983.5828079111608
1018.0308366788536,979.7545702016059
1038.0741271570976,934.6379501394117
1047.467765698405,802.4075203993102
811.7264900094833,744.273662296614
717.5463731962543,738.4304940265783
810.7017000922143,758.8059715212091
731.2410297196145,779.9072558998754
725.2845530478213,783.2887059598289
748.2729988042803,777.8638074334568
725.5446560800088,762.9294320636824
750.0722929484973,752.389971586063
707.0942597389017,747.9152781458811
734.1273743807484,746.6929081664554
772.2357452913761,755.4988400430277
738.6696571465553,775.3886583474798
823.539894668497,794.3302162112572
831.8814651179327,815.4466490579424
849.2665407329415,821.3474301225889
778.6193821952642,822.4453508026766
834.6131012959358,822.1094747278636
813.296521518956,821.7158603112706
824.1659473827959,821.5366163505894
846.4987542440595,821.737839079541
790.1453337147038,821.6938040777254
794.6838889639228,821.8097669226644
771.6142510071548,821.8918507304164
806.2710264559056,821.4290224265293
853.2608086094704,821.057541708756
816.9853202881633,821.1891792513386
786.4968776086304,820.9876146066919
807.8580313856238,820.8226322701959
782.8034574127345,820.3735847715478
791.870347456721,819.9580824080408
829.7204727565928,819.8696411053346
790.6531668423493,820.1584129507258
847.8158576300825,820.6885265236899
818.2219927292416,821.1216028196776
822.1398675986131,821.5513187254752
813.0406758098027,821.6795290974584
839.321195963593,821.7380741465814
839.5789971944253,821.9066519403078
828.3763587978043,822.1267788674912
834.1197276476912,822.3664083453725
814.6977582519894,822.3492644787269
833.5550751727262,822.2535280841215
811.5530556131548,822.1469064828191
820.0557905540601,821.8413326864772
813.1339062658426,821.7212187713035
808.5695365170201,821.4293883831716
802.7722050569553,821.2981515230442
831.6922525964721,821.1464291045957
852.7651478203366,821.1291730468627
849.277549291739,820.9264143684998
788.5858666013642,820.6879121439254
852.2300762851719,820.3427402361541
812.0460374595518,820.168659736711
835.0183253786398,820.2915971275851
797.3446166988198,820.3658008470534
823.5494978468502,820.5018539102911
827.8430795724227,820.7428670782507
782.8848802020087,821.1720380559093
835.2066791586047,821.3715992882805
853.6483751959579,821.4712703845951
815.6338013579593,821.4688662898645
854.0042032707004,821.5605103809952
815.2576626636898,821.5640844684947
841.2396132761654,821.6084239889761
764.5357508512225,821.8427003492574
880.4694444828366,821.4498792839255
857.3864561310739,821.560756132901
812.8843623936581,821.8004043092969
770.6977743339046,821.9551692431878
827.2007092076373,822.1597096228678
783.901861323156,822.3227072456028
831.1213384389372,822.4980218470077
830.289142979107,822.6237132619565
796.4649207749494,822.8809754390786
848.0241755903594,823.1984174497405
840.1393675701544,823.5562482518767
844.395583432214,823.6870310052217
820.2214425917224,823.8325695577797
784.6118983271573,823.5594750812484
844.4468068052785,823.0053285746274
813.2407150216052,822.7807380448942
785.2554964201832,822.6562460060943
853.8009841493581,822.3229423126431
872.4851880125627,822.3222317690894
818.9687967755199,822.4379328348244
873.9780288650823,822.5930717390067
822.2828682152838,822.8504941891109
810.4886023958412,823.0687218814571
804.2385386453631,823.1424180698157
860.9270601998186,823.1963659555704
800.4964029653057,823.302218246559
838.3817327493747,823.2891693546046
806.0209041235198,823.1783058617109
808.4923309356409,823.0683826369784
845.7562423492392,822.9017521599839
810.4990788427662,822.8126403819693
809.8801155144927,822.6728182324373
848.3201174293702,822.6035803041959
859.9349323305406,822.7264829692572
836.1172450821058,822.9341860691161
803.6307556094013,822.9825778248268
807.2347875175606,822.9049683044901
821.9978815935009,822.8802355121448
828.0232515481414,822.8723474102121
795.3033522465057,822.8165777548949
838.0759484894966,822.5801403805725
822.13783324099,822.4137182584544
777.1072920340467,822.2104226656018
796.7768379384818,822.0797334048297
807.3967831587084,822.213879219581
818.1785577789736,822.5346094975912
867.2319698875999,822.9002135393562
825.9542826534907,823.5385006903321
798.9807027525344,824.0204362048947
825.515770107679,824.1014194715034
811.197806313653,824.0373904151783
828.1189559883386,823.8497454790217
834.5141921758903,824.5570622033624
850.2307661805985,825.6852637921902
819.3928376082494,827.6816828232454
960.9740131899958,832.2418925842113
942.7005665634048,849.8325101501744
902.3140113796952,880.7518896874393
975.2463916437116,896.8012548098887
928.1748628317524,907.9099675226864
899.1218874006942,916.3511074072694
961.3228262807604,919.1691338261581
971.9444396299612,920.736486056993
919.174368407011,926.5575473403726
907.40874349061,932.0219264446539
915.6906260636584,941.5266004410278
937.8682931879424,964.1068625282317
1151.9464163757627,1016.4708879350412
1134.2621832715893,1103.5354029861055
1122.5430802117942,1131.5061369631394
1157.4502942576107,1129.947514267393
1112.179088173712,1123.8029900516594
1145.7729834591728,1116.9252703674188
1112.798430041218,1112.930284647349
1130.7755739502722,1116.1736328211111
1117.1609358802386,1125.800974415506
1118.6036954336798,1136.0941754562202
1110.5653370634448,1120.9672908652844
1153.6213507795171,1038.0917345820203
901.6768490472866,939.7086453754746
901.4941936862824,892.8031971909966
973.0248391461278,917.584130197568
944.4461891163584,933.8105515544937
860.3721575326741,936.603297581682
905.86853151974,929.2203654034535
874.7002665609486,919.0709399124947
896.2327326646187,910.4036548502528
841.537133344149,904.4365314559071
916.5752605576514,902.7767551387624
891.4514545209672,901.0753826403453
921.4976314199108,888.0751442208052
679.3719685279369,819.4260001486141
722.072796329301,728.2564078661164
709.6270930469918,700.8913454882133
757.548824129715,696.4452447480273
755.2839215436406,705.5408219577431
739.6336400752571,715.4067993375306
711.8346554834696,717.9543277021971
769.6345098815074,716.6012283937539
681.1741180540045,714.055559195679
684.9110342609084,703.4847974046671
717.9054225027734,687.0351478383556
776.350952723028,672.7625502962914
614.9415273282478,665.8192682775305
615.418868919768,647.7885791677179
583.9522410972048,627.1203523865248
643.6482396317595,606.7461731030485
643.8294063582339,598.7101712624673
639.7268800349977,599.1998159074661
604.2694831788159,607.8899879515434
602.3323307906749,610.3486823446976
587.6719437398757,609.4247192881003
622.0968125440234,607.2351339166573
592.9898167680375,608.1226402122733
590.5645873687678,609.9278268635906
609.407732077233,612.1714990240393
607.7710956203946,615.3878785973568
606.5505367794511,620.2937277289584
631.6611149210065,625.234088976026
621.976195053757,628.5739855941692
612.796099237222,630.0221481506934
624.575323207787,629.9614153753655
595.2118239723842,629.4715570330573
622.6319655977419,626.1402083072895
623.7650623211158,624.1292097773014
582.4238285160629,623.640825946428
644.8923438592591,618.7461531841074
627.9641573693251,616.2616227862482
652.2577449801609,622.5515680210196
679.1102935133817,629.3647724875565
673.1419189428467,637.7991488522973
650.8583347142209,645.0626776589058
640.9375249279483,650.8213500128098
673.6877977143891,652.8754940295631
666.8673744452155,657.017909523379
634.5408744988968,661.5781032570468
630.1276588249577,661.801545163742
598.1911204576,659.525861146347
653.8507960420897,652.8657494322551
647.93255637454,650.0709519108967
678.4047843660636,651.1144358726343
658.9763773370091,653.7859300464763
683.3557298543172,655.5785726657326
632.5658943020958,657.5837799986363
678.4537582741905,658.1101378413879
636.7770905223837,658.9742656513567
669.4399015448068,657.9442446201106
613.5310401867326,657.8873156568898
655.8783824841547,653.8040515783123
600.3828014638523,652.0985119823623
643.3215628514562,647.4329654751666
661.0088498469479,645.2293615602279
636.9757862192226,646.3026135571631
623.7390592811008,646.9452441059523
671.1529617323984,645.6260478756433
647.413430253827,646.8193550209922
637.7607338242332,649.9016822721311
651.047398028857,650.2421661951777
715.9167285486398,651.0966989959552
678.8375712445386,655.8594350394601
679.0643417046961,660.8843990513142
660.8886579748091,662.5828652663234
654.1621318144287,662.4892872145429
590.0979427917396,660.7252586650135
633.0254913384217,649.4164611614366
637.9856396699381,642.4445650729488
603.1276983988116,640.2053805559971
621.0646052446142,636.5283978020265
600.4790882269342,634.0986807640252
649.0419041075656,632.0702231638602
670.4691492712204,633.1339442607967
677.6693629656082,637.4709952640023
660.369611551981,642.8705920289431
625.9150914700358,646.142917557858
601.698371037001,644.7506154780077
606.0782825149624,639.3603359157564
618.2754355686376,632.8922739736107
627.7785075491081,629.0689940416337
646.0062875502103,628.3981340782746
624.6458945468258,630.411419169473
658.4743973417065,631.9468129676891
644.1931624300132,634.7829395486829
650.2636427935256,637.7798947247215
678.5062638167801,639.8742993145635
620.4942066449908,643.7873321164832
660.4676144573092,643.2471053183524
649.6506692880981,643.154809450428
641.6628429757576,643.9846388422403
672.131408021649,643.0754422697216
671.9753538639252,644.2655653251608
626.3377301002893,647.1502439348474
645.4459854035518,645.8054895063357
657.0302920646017,643.7891912830748
643.1748312994354,644.136086125403
664.6255333071949,644.3336065484696
657.0298004477569,645.628227588199
695.8140310089003,647.6743152163885
611.7430216017553,654.6668758346941
646.9391002563151,663.5013790415314
977.2874372121952,915.7261923654285
1015.102686385976,992.0507347534755
959.5707027488614,1003.0182255993647
1008.6578177556222,1002.9823992454459
984.2487892162916,1003.5189931893171
981.6459533469748,999.9980842652575
963.8375449114828,997.4874186864603
988.3731013449748,986.5206971508849
1027.1125132572731,982.0742331252729
999.3702829117632,990.9303518149549
1015.692010446862,1012.606855926164
1041.616045549157,1047.8260744192253
1136.4977001882305,1088.3568463857598
1115.933821266107,1123.089390626423
1141.5851159472356,1136.588115417138
1116.2964069098086,1138.3456261987308
1117.2932434852366,1137.0026027184251
1091.906490577191,1135.4164344394987
1153.0602478447756,1135.217631832576
1120.25374617643,1138.322910174743
1134.4562667130624,1140.9795096461207
1104.0047623525,1127.0094113303594
1140.8025013105528,1049.1456125652294
1110.8552796142887,923.8202985044321
866.5534713897886,865.8508697964439
892.0418402133123,876.7615038019543
889.8651722381475,883.7280788274384
869.5454376194107,884.1105168747504
825.8929136146662,883.7864849733102
944.9164536838502,882.4677588770819
913.7426636891626,879.8617121754561
888.1630600545417,877.8048061209789
851.26609489256,879.9651737277959
867.2563853897851,890.8287649418611
856.5106786879213,907.9517132920752
901.692587909744,927.00942632837
956.5625722712958,943.2311036050273
930.395903541004,953.0739589359391
938.2311225218804,959.8542005925029
978.0297035642476,962.2396395479993
990.002446170512,962.6476518208123
988.208289087156,963.6970551980198
968.9258016263494,965.7395313416807
943.684378279934,966.5746604267658
868.962154366772,964.9413718911196
957.4290005952056,957.4194616677311
949.9542810288976,953.7219319174629
953.499552408034,951.523082767658
951.3474336758302,950.2081070592094
916.8434459512712,952.0528277127634
963.9352139212796,952.1353148741869
965.8054078507962,953.7579292292291
967.0584695514916,956.8444770022284
973.6644250893348,960.4852594319888
965.1012911230406,963.4325406684604
939.7492647115272,965.2603578648418
948.2290788020978,964.9288278590585
952.2781216813344,962.6673333430068
952.6924862276654,960.8653521513303
974.9554413992932,959.0378234463166
966.0917188255622,958.1666970494653
1001.9335859892489,959.1144659863282
1005.1617244971168,961.2458829501561
951.991239565348,964.5935902049574
854.0836112885157,965.7732741468329
980.9208116531815,961.4914852678347
936.4905915253236,961.0822121808965
929.9629019542248,961.1044687556691
940.0388681252658,959.4605380940154
938.8339238296348,958.248735446539
965.3067452526348,957.0266005341537
911.0141055218444,957.8198556314643
923.05698135521,956.8753883180312
958.5789638549354,955.4478902913249
965.5736007603329,955.9440313345291
966.0385411234004,957.5644980316122
930.3240930266676,958.7565123082393
925.543358768344,956.8608782707239
937.334129155302,954.272181119404
955.996818807118,951.7967969663865
987.1369342318136,950.3835098107544
898.8140703557312,951.6663561287367
944.4817810760408,950.1888636164991
916.68303897437,949.1476021067791
908.6939330661628,947.1834353421432
974.1739161336204,944.6636876276971
963.6156143624836,945.639408172628
961.2358378986816,947.5934991091264
973.0256459932748,949.1884824020649
938.0070275808466,951.1734525997697
939.1840620916618,950.9182873274958
1004.6432654180644,949.3394809208779
943.8357236435106,950.6684431182258
968.3783028263524,951.7443877012594
950.1595385240828,951.9398032058285
903.7935367480396,951.5796377605873
898.8842749049683,948.9811960119594
935.5253945015024,945.7062420061388
976.4025312917496,943.8607093028093
969.7072914159,945.1747874825584
972.8519291056008,948.0087343509965
925.323845526592,951.5753744992651
990.396812253058,951.5606507546482
925.8776674953403,952.1141588405575
955.3206099667492,951.68384725351
949.7411927523066,950.6925161201283
945.6531544921352,950.3501409758936
983.4648034573902,949.4601344217579
932.372236995851,949.8846334419901
916.2598686072018,948.7267359408065
950.4998871551604,945.9923185942155
940.0043316428367,945.0032526523133
1034.4345729770662,944.711331442825
966.9126869109994,951.5444738683277
939.7664856195344,956.6026250723295
923.5972107703228,958.131746854515
902.9927897357804,956.257044468454
924.369522856564,952.5242760318679
952.8735442939784,949.7975304186839
985.6832162898692,948.2039254733908
978.042228559698,949.7009819743027
955.7273707911596,952.4777434427489
941.920808357438,952.9563826763142
956.720308910304,951.4273677427834
937.0340500628856,949.306838656869
992.9590998940968,947.9427125672614
945.270245468123,949.2678923222331
947.841553543832,949.5495133214091
894.6044393744833,948.9639613239573
945.114128836931,947.1777296239826
970.9121034491236,947.0040898752401
923.3069355740364,949.7707541458176
931.2319916376796,950.8256922833384
969.8177754433416,950.9548081976701
913.0835694120486,952.4341385067684
976.445025188548,951.0702581690666
936.6964027456723,951.8813142522492
940.28579448772,951.827857870306
921.9030398718602,951.99333438183
959.451156510697,951.3477120707093
1011.4967996257344,952.6593006768042
969.5374309865158,960.4497536240341
928.3928684514866,970.4227826709591
978.3905146372869,978.1450661764945
1042.0830113516438,987.100906715602
1084.362124535689,998.0688035863791
1070.1669100541092,1017.2048313441314
976.4214608632068,1033.9500029195947
1024.8980091761243,1039.5192753481886
1073.6096305708847,1042.0702656092672
1053.7914318036255,1045.9779346087212
1024.4061013073035,1051.5164132550326
1034.160262112655,1059.7443580189056
1002.3440844977656,1076.0305077738049
1047.7906678118402,1102.8699923041358
1105.267243150394,1143.6326899605483
1270.123334768308,1185.4440857930472
1304.7604250297106,1217.7530247387574
1272.0599272447496,1224.4614106750398
1275.6869835838172,1225.193665875386
1299.3519671936256,1223.2911614693737
1259.4315814835556,1224.2428838064607
1245.319316962328,1216.2777439936722
1275.8164379155503,1215.3516653337117
1286.3460059280471,1216.7362102012314
1238.0008839321947,1224.2899399539876
1231.9607729414993,1223.2246161272305
1253.471400810772,1162.3150062758752
1070.7874716732915,1059.2406093514871
1069.952276216539,1020.8661821399203
1014.39580999531,1040.3063011689308
1097.790151676583,1056.4759858902141
1033.9708767650786,1064.7637872704463
1043.3733750777856,1065.0148816089763
1027.4336410003043,1062.8879309189147
1117.4582208984273,1064.155348291159
1056.0517667571992,1069.348855370927
1028.7256229829609,1075.5185103902443
1071.5980887490612,1077.1321387734267
1069.228394482751,1046.6543507021245
845.3068244105029,923.1839559989717
871.0151678195846,849.8211147411513
829.3677009792284,847.6438223074308
837.6770431262687,849.9204465929872
799.7445836358485,852.0152465228515
816.901222894511,849.8496860714164
895.1907701417672,844.9892609741414
891.0357156930579,842.9578035979958
851.6447162162241,845.6726716476026
891.573286179746,852.4424060745855
845.9981378347924,853.6673544456097
843.9147424358023,833.060350607948
751.4127662116389,781.3304372409322
746.8769601169108,747.6152684932324
744.6200919109955,736.7881340401486
778.5849526787388,736.7630673457576
753.7533913489051,743.8253573961161
767.8120441108451,749.8811010646647
775.7845131319333,755.8478611735843
759.7046448913684,760.585354222418
725.743216852294,763.8883239454991
716.178352775899,763.0846190497593
753.7195158701826,760.250576017532
745.7185923793767,759.3248713278631
752.1847857230031,759.360152753643
749.5986490187853,759.0895585356315
814.5893415041642,759.3435271029726
716.7443436089666,762.9626513104266
700.2513432544719,761.7949664724732
758.3094208379903,751.1764273055151
740.5894361352952,742.5400001347487
757.9016967432487,734.3892535238919
764.5970755571001,726.1534340141682
782.1026173794725,724.0250729218646
712.3193544904016,723.241359409418
736.082052553571,717.0366152918994
660.7190314720191,710.5453992462816
669.2615898921806,697.9467140983782
704.8362387572097,684.7005795273589
673.8925992778467,679.271043769373
648.580285102843,677.5388988584043
627.7391061764334,672.3507983205641
635.8927536820245,666.5242770709298
635.1824294260723,661.0188573983805
666.380840712844,657.0824888502758
656.4249361396458,657.9826887660694
616.9087607289455,659.8816030572839
639.1024632727392,657.8361565210225
671.9386888362856,655.974211864332
658.7915588743515,656.6506920669281
664.2161154003193,658.4118143330497
659.5730427514316,659.5946716799697
690.6607683652214,660.1823820202463
655.9010765956092,662.8048754010458
640.3494300532326,664.1395646862853
627.106123971661,661.915980072919
656.2402364552428,657.4895822246584
588.9823996306229,655.3973787171032
645.3927749541822,648.3256646154007
644.8540035019664,645.549458759959
615.888228659568,645.8333342657488
626.7933540336,643.181671202218
670.2414382537061,640.7085949801419
655.7677937268741,642.0168071687484
652.5447083426832,645.2137402869116
657.6586883483005,646.7819152523876
652.3156896987231,647.9924036614113
681.0715640714578,649.3990020912596
653.0857295425913,652.3098586213462
613.5446721545312,653.8519197756151
690.7532491218602,650.0443679656089
659.2585066832212,650.1753644162633
635.2686567301233,651.3734583813425
618.6649570426246,648.1808846882908
659.8978555239511,643.2420620618508
647.0706998756406,641.5989648197037
689.3536696508102,641.9298537335588
641.3523179833293,645.0069026611558
629.0654802579384,646.0002318643802
672.3949054558982,643.7248897626803
673.1320473179208,644.4933666569675
654.2162841902549,647.0806640909109
666.9089261918728,648.2306120521853
649.057821981444,649.1637427233553
655.8466275252312,649.0196679973665
679.1247720640981,647.7514813148082
665.6329583505376,648.2241797631726
645.7681390416844,648.8759138173417
683.8090636481538,647.3670825946825
590.8786156802122,647.490749227625
701.3018327855484,641.8083240737103
607.3510226277316,642.6162067518485
634.3226793806926,640.1452888725973
648.9770616201233,636.3427589493618
646.337983231796,636.1837467814469
675.1602760006639,636.5519686152519
623.5540845347441,639.509710335018
656.5191704370766,638.5024266974906
635.5446975445061,638.0087218036134
657.3785244834354,637.8555649419756
648.380693505053,639.2923801713713
652.3233913170744,641.5707354051336
636.2518791883914,643.7312579425
637.2484012475979,645.0072873163127
657.1818128506857,645.280563435557
673.5928876439011,648.5543421061759
635.0430166450539,661.3759669720974
628.2808113856772,711.8552248495739
1015.336504141796,929.4778599763995
999.1874026735578,1000.0287925686164
1020.7624533496488,1004.3737396874039
977.3550696657212,1006.7707503522035
955.5140268644142,1006.5749929319395
986.6748979543416,1001.977038883703
980.8411847683744,997.5721389847668
998.0302899979926,985.0069936295718
984.0788696432404,979.8822436590993
1018.5254237834112,985.2376478204587
992.7962434394371,1008.6934598388184
1003.7618624693476,1039.9060888479103
1133.8446745286894,1075.062074307124
1134.7776878779705,1116.1769451294067
1129.3005828062917,1131.3395385407412
1142.6688278279237,1131.510752825022
1110.0124322220208,1128.3183714595489
1164.889258734013,1127.873368182481
1123.9903759834526,1130.3930090482725
1097.1150821201988,1131.8737390747472
1134.6056444924602,1135.1292038859515
1108.624298506479,1131.6744663337436
1146.5371739303878,1087.9730460181006
1185.143949968725,964.1328588059187
850.4318871433879,885.5965973476088
878.4054977629338,875.761376353075
826.2085497147185,881.7789563533833
881.4438201683679,880.142336810927
847.9533444373419,879.4791218688111
854.4753239714721,878.3650536857829
842.5640271863385,873.8694392790119
888.3999700837026,870.0275436401708
895.2787983691658,869.326130304002
870.6808197987968,871.3782388538835
848.4855217989412,883.7857610736746
909.8342653349308,904.3132441356889
931.2397468061336,928.8062520724575
895.9491925018141,945.1432991840202
961.4597252489268,953.761273592121
922.380633158962,959.5876345687734
974.7152198374794,959.8645221725463
940.4715575831646,959.6655165531796
965.092831013605,958.5469927812507
985.037508663804,957.7097160382061
919.778528384482,957.962039136265
935.8515717276898,956.0816310320436
948.1082231835734,953.9969603546442
988.4387829758584,952.857782737763
933.5404320514888,954.9893065502455
935.1374076012748,955.904486647427
961.9535143888952,955.2896474337236
935.5692818572358,955.891098510994
953.8131470724404,955.8468524830853
911.2115644757968,956.6061724476654
1005.3582485639148,955.8423648395882
916.307269242265,959.0979258145817
941.9561824002448,960.1469124820361
949.1879741039476,959.7371585761516
997.81720335892,959.367718667683
916.8788554766816,961.4601679271441
999.5926033869688,960.8667732384378
968.9294205275504,962.1118378721203
960.4273831105812,962.8638387038538
925.3841578245512,962.5833503004176
964.278531050952,960.3719678034172
931.912834439505,959.3523965706
981.6665313299604,957.521128162672
925.7234492723068,958.0536084333376
947.171037638598,957.1976652303181
936.1181727996708,956.5756778416157
925.3119259393252,956.0483904155683
968.5329954226978,955.54475928167
963.3864686852409,956.3396277936666
980.2252549725248,957.9274735964717
905.5031222947958,959.9009575637969
976.604267558526,959.0932458435061
1012.6362226339224,959.4984907361626
938.7089727705765,962.5931376371875
997.3787153027242,962.6957764548862
943.4209681985044,963.9498591150249
915.6897565609672,963.1608031698437
942.35918893983,959.9351811878953
976.205099191882,957.1708034785281
929.0455879417116,956.3859253157455
934.9915335248378,955.1551784017918
964.8384858073298,954.2141516150399
950.0765029184644,954.7545280012872
964.6155738121686,954.7765922484815
955.9457385189584,955.4587781692381
961.9906329887892,956.2952428625069
939.1924703547614,956.530267163371
955.79327355076,956.0369682943816
926.8156748576016,955.5929266552059
982.2108405625848,954.5070344624205
934.1431320795672,955.6013463291958
978.2211871887348,955.9805308349725
944.1598259754284,957.217902365517
955.049975268933,957.4378716909348
937.6258862277324,957.4023979375764
924.6001142207992,956.4809885638263
906.3809903098676,954.8018299007201
923.6168960351883,952.7150115653615
941.902278669602,951.0536432032617
955.296979470722,950.2740113094244
975.2594828320816,950.7352555820057
938.8560635050789,952.7665446715201
927.9509808933208,953.927839959923
913.9321303499322,953.134670341536
962.0015904476026,951.7428063411699
984.5798628832335,952.2180371026506
981.6582566989072,954.7282111776362
967.748318703681,957.36628309229
965.96358293169,958.5930979757509
992.4405944927336,958.3314897295991
958.3020365354204,957.6214911040257
966.1532419006044,956.0548120197154
941.9804034537,954.9944673402672
915.948915728631,954.2605559857733
932.9037774875106,953.4644159747859
949.7710240366335,953.279343419991
951.5196343125326,952.9489994342749
998.1571463713848,953.3857539952005
952.0319291897767,957.2316217327797
979.4710861006412,959.5854975956795
939.123068960592,961.1334888502839
942.2081028558692,960.404973352852
916.7748090694138,959.2052125487596
931.4417996780855,957.4672871255719
963.1745347840938,955.5669838018464
950.1890045098534,955.3309658084937
973.5734654974308,954.4204977369841
954.5313487086264,955.1167235709676
941.1886567090564,955.8010892042801
1003.707421594674,955.0676159292703
947.6524107821738,957.8871489141903
979.0750242426326,958.9868032137003
939.9697698363832,960.8749898999837
967.7399869845892,961.1540892709088
973.2003914787922,962.2153528487875
955.2122992643896,963.5657702559979
891.137926932585,963.4087775276565
950.4563115214028,964.4404547130505
980.7615011939994,970.1751074893793
963.1870208256933,982.8657359046466
1061.1459718807312,994.2460151582136
1006.943576651062,1013.9249409304641
1031.9886232331237,1028.0615949291616
1060.283940778786,1034.0331098032152
1060.2595819196722,1037.6402135370163
1080.3666695033226,1039.6573451797838
1046.3783311213476,1040.0057786427394
1060.1456021668453,1039.1455401238013
1050.4093560482822,1043.1477488129283
1025.326431587461,1059.9995553457757
993.6052167226312,1103.833403884046
1060.7752423032518,1171.4283203622701
1254.3486802103205,1220.3098703061132
1234.545623947496,1245.383146574359
1209.5206735871034,1248.2158753681335
1265.7434878602185,1244.7192317735548
1243.351998145111,1241.7390518363031
1263.9218680592037,1239.2601630474117
1296.601213260294,1234.2970857763562
1196.4642279920074,1232.943441539774
1232.509979782441,1232.8171464299262
1244.7656096672022,1237.077757905564
1286.3706543536662,1241.2989208578892
1209.089924519838,1201.9753891012756
1098.3965256420151,1098.7653371248887
1053.3963975391573,1052.179152720635
1047.5999834566535,1060.665799447252
1045.048505919527,1073.049302089468
1039.0934241954992,1076.4428367322676
1076.2029189817288,1073.0207307592032
1023.2869811479392,1070.8953400595
1058.6353545410964,1072.7185627637296
1040.3954583573257,1080.7618730522918
1030.9466637871476,1089.4326200109458
1114.6493793920974,1079.6625499836114
1060.4762683688366,997.7768930617561
865.3316386165286,874.6935763087454
878.4444195167166,843.6416056046548
814.4662513670363,843.8760195325789
893.8072977280508,846.7540735256746
787.2760705376231,852.4769155188352
830.780839749037,850.2200876177772
838.5242081705275,845.4647481723933
864.5430841242627,841.7071187250764
855.4679566535372,844.9074169080584
845.8296314825402,851.4562550975442
849.7000663843069,854.3189642882177
825.5494244119358,846.7231622098717
712.5691901378957,801.4365279073494
768.1627905584015,752.2108505013347
767.3426528134046,734.8231124862752
789.6123593789265,733.5118657958755
730.2495725796198,740.7645815186289
767.3203802575231,744.2924035506472
742.9073317908817,748.4295300360558
779.761874629837,751.3982878521208
775.5490694169536,754.8955191143004
755.2802349806115,758.5008865574625
741.5117460833503,760.5252304844219
774.0233044652066,760.3863165484547
766.1726130814142,760.2771385930888
732.8889899478454,759.1863741016493
716.8050331630143,757.4363053288557
742.786677482955,754.4163563223269
787.8853453837053,752.1957848410228
778.662178968326,750.8742593100416
722.1918132582355,747.7575909012842
720.8060646025019,738.6961304670122
781.8670962419872,724.1057757107546
721.6091023810543,714.9941605179694
762.7323830910502,706.1805034836627
734.5982196165919,701.0124904929049
